<?xml version="1.0"?>
<CourseDetails xmlns:xsi="http://www.w3.org/2001/XMLSchema-instance"
xsi:schemaLocation="xmlsample.xsd">

	<Course>
			<courseid>1</courseid>
			<Course_name>Servlet</Course_name>
			<Location>Pune</Location>
			<LabNo>F101</LabNo>
			<facultyid>101</facultyid>
			<startDate>12-Apr-2016</startDate>
			<endDate>14-Apr-2016</endDate>
	</Course>
	<Course>
	        <courseid>2</courseid>
			<Course_name>JSP 2.2</Course_name>
			<Location>Pune</Location>
			<LabNo>F102</LabNo>
			<facultyid>103</facultyid>
			<startDate>5-Oct-2016</startDate>
			<endDate>8-Oct-2016</endDate>
		
	</Course>
	
	<Course>
			<courseid>3</courseid>
			<Course_name>Windows Programming </Course_name>
			<Location>Mumbai</Location>
			<LabNo>G103</LabNo>
			<facultyid>103</facultyid>
			<startDate>2-May-2016</startDate>
			<endDate>8-May-2016</endDate>
	
	</Course>
	
	<Course>
			<courseid>4</courseid>
			<Course_name>'OOP and UMl'</Course_name>
			<Location>Mumbai</Location>
			<LabNo>G101</LabNo>
			<facultyid>104</facultyid>
			<startDate>3-Jan-2016</startDate>
			<endDate>4-Jan-2016</endDate>
	</Course>
	
	<Course>
			<courseid>5</courseid>
			<Course_name>HTML 5</Course_name>
			<Location>Bangalore</Location>
			<LabNo>G101</LabNo>
			<facultyid>104</facultyid>
			<startDate>9-Nov-2016</startDate>
			<endDate>12-Nov-2016</endDate>
	</Course>
	
	<Course>
			<courseid>6</courseid>
			<Course_name>Windows Presentation</Course_name>
			<Location>Bangalore</Location>
			<LabNo>G101</LabNo>
			<facultyid>104</facultyid>
			<startDate>16-July-2016</startDate>
			<endDate>22-July-2016</endDate>
	</Course>
	
</CourseDetails>
